{"schemaVersion":"1.0","appDefinitionTemplate":{"id":"/providers/Microsoft.PowerApps/apps/","type":"Microsoft.PowerApps/apps","tags":{"primaryDeviceWidth":"640","primaryDeviceHeight":"1136","supportsPortrait":"true","supportsLandscape":"true","primaryFormFactor":"Phone","publisherVersion":"3.23031.19","minimumRequiredApiVersion":"2.2.0","hasComponent":"true","hasUnlockedComponent":"true","isUnifiedRootApp":"false","sienaVersion":"20230315T134934Z-3.23031.19.0"},"properties":{"appVersion":"2023-03-15T13:49:34Z","lifeCycleId":"Published","createdByClientVersion":{"major":3,"minor":23031,"build":19,"revision":0,"majorRevision":0,"minorRevision":0},"minClientVersion":{"major":3,"minor":23031,"build":19,"revision":0,"majorRevision":0,"minorRevision":0},"backgroundColor":"rgba(255, 255, 255, 1)","backgroundImageUri":"/18340928579838422341/N02a897cc-04ba-4371-bdad-1724bb515821-logoSmallFile","displayName":"Meetings App","description":"","commitMessage":"","appUris":{"documentUri":{"value":"/18340928579838422341/N697f566d-41f8-4aa0-bd68-1dedcf330dcf-document.msapp"},"imageUris":[],"additionalUris":[]},"createdTime":"0001-01-01T00:00:00Z","lastModifiedTime":"0001-01-01T00:00:00Z","sharedGroupsCount":0,"sharedUsersCount":0,"connectionReferences":{"8285af19-f531-4125-b433-61a99778fc6c":{"id":"5e455b87-a109-42d3-b97b-56a95ae4b05a","displayName":"SharePoint","iconUri":"https://connectoricons-prod.azureedge.net/u/laborbol/releases/ase-v3/1.0.1622.3202/sharepointonline/icon.png","dataSources":["Meeting List","Meeting Rooms"],"dependencies":[],"dependents":[],"parameterHints":{},"parameterHintsV2":{},"isOnPremiseConnection":false,"bypassConsent":false,"dataSets":{"https://faststreamgroup.sharepoint.com/sites/ITOps":{"dataSources":{"Meeting List":{"tableName":"5210e11d-9ab1-4485-bd89-5a66d8bc45a7"},"Meeting Rooms":{"tableName":"ebeabd0b-8101-43e5-9729-a994ccc62adf"}}}},"apiTier":"Standard","isCustomApiConnection":false,"actions":["providers/PowerPlatform.Governance/Operations/Read"]},"64852b16-4509-4d34-be4c-adfa1f496b3a":{"id":"967cffe5-8a9a-456e-9d30-f147e2e2ac4c","displayName":"Office 365 Users","iconUri":"https://connectoricons-prod.azureedge.net/u/laborbol/releases/ase-v3/1.0.1622.3202/office365users/icon.png","dataSources":["Office365Users"],"dependencies":[],"dependents":[],"parameterHints":{},"parameterHintsV2":{},"isOnPremiseConnection":false,"bypassConsent":false,"dataSets":{},"apiTier":"Standard","isCustomApiConnection":false,"actions":["MyProfile","UserPhotoV2","SearchUser"]},"d80f322f-4d16-4bcc-b82a-4b3c90fdf730":{"id":"244c3cc2-41e1-423f-af8a-dbb7b6ca9677","displayName":"Office 365 Outlook","iconUri":"https://connectoricons-prod.azureedge.net/u/laborbol/releases/ase-v3/1.0.1622.3202/office365/icon.png","dataSources":["Office365Outlook"],"dependencies":[],"dependents":[],"parameterHints":{},"parameterHintsV2":{},"isOnPremiseConnection":false,"bypassConsent":false,"dataSets":{},"apiTier":"Standard","isCustomApiConnection":false}},"databaseReferences":{},"almMode":"Environment","performanceOptimizationEnabled":true,"canConsumeAppPass":true,"enableModernRuntimeMode":false,"executionRestrictions":{"isTeamsOnly":false,"dataLossPreventionEvaluationResult":{"status":"Compliant","lastEvaluationDate":"2023-01-17T14:30:58.9720476Z","violations":[],"violationsByPolicy":[],"violationErrorMessage":"The app uses the following connectors: ."}}},"appType":"ClassicCanvasApp","appComponents":[]}}